{
    "18th": {
        "서울특별시": {
            "Conservative": 0.48187303549206356,
            "Democratic": 0.5142255507233977
        },
        "부산광역시": {
            "Conservative": 0.5982452375412544,
            "Democratic": 0.39871193929714627
        },
        "대구광역시": {
            "Conservative": 0.8014647499114955,
            "Democratic": 0.1953636271683609
        },
        "인천광역시": {
            "Conservative": 0.5158000830023122,
            "Democratic": 0.48047751738390265
        },
        "광주광역시": {
            "Conservative": 0.07768544841031459,
            "Democratic": 0.9197743153644653
        },
        "대전광역시": {
            "Conservative": 0.4995975065363608,
            "Democratic": 0.4970849715815221
        },
        "울산광역시": {
            "Conservative": 0.5978585653774444,
            "Democratic": 0.39780166456538035
        },
        "세종특별자치시": {
            "Conservative": 0.5191430823685796,
            "Democratic": 0.4758644141150285
        },
        "경기도": {
            "Conservative": 0.5043668300145654,
            "Democratic": 0.4919565916787044
        },
        "강원도": {
            "Conservative": 0.6197341272375348,
            "Democratic": 0.375302503484708
        },
        "충청북도": {
            "Conservative": 0.5622691971068908,
            "Democratic": 0.4326291438778465
        },
        "충청남도": {
            "Conservative": 0.5666072767546967,
            "Democratic": 0.42790832857526123
        },
        "전라북도": {
            "Conservative": 0.13225260101621097,
            "Democratic": 0.8625229307348833
        },
        "전라남도": {
            "Conservative": 0.10000008598755417,
            "Democratic": 0.892849189008383
        },
        "경상북도": {
            "Conservative": 0.8082016513557656,
            "Democratic": 0.18610458586515163
        },
        "경상남도": {
            "Conservative": 0.6312373701041373,
            "Democratic": 0.36339810434380687
        },
        "제주특별자치도": {
            "Conservative": 0.5046047337817117,
            "Democratic": 0.48957748189533457
        }
    },
    "19th": {
        "서울특별시": {
            "Conservative": 0.20784019648901028,
            "Democratic": 0.42340997762644894
        },
        "부산광역시": {
            "Conservative": 0.31983003574807045,
            "Democratic": 0.3871458763648567
        },
        "대구광역시": {
            "Conservative": 0.45364322118731487,
            "Democratic": 0.21762272798873966
        },
        "인천광역시": {
            "Conservative": 0.209155399200094,
            "Democratic": 0.4120823204886145
        },
        "광주광역시": {
            "Conservative": 0.015585987901536605,
            "Democratic": 0.6114656819210081
        },
        "대전광역시": {
            "Conservative": 0.20309434034347837,
            "Democratic": 0.42931611024502786
        },
        "울산광역시": {
            "Conservative": 0.27463236583477435,
            "Democratic": 0.38145197622753796
        },
        "세종특별자치시": {
            "Conservative": 0.15246622043261493,
            "Democratic": 0.5108285108088046
        },
        "경기도": {
            "Conservative": 0.2075835055964106,
            "Democratic": 0.420887603334075
        },
        "강원도": {
            "Conservative": 0.2997035668752288,
            "Democratic": 0.3416323387710964
        },
        "충청북도": {
            "Conservative": 0.26325241433029833,
            "Democratic": 0.3861753896465851
        },
        "충청남도": {
            "Conservative": 0.2484825105798795,
            "Democratic": 0.3862899997244612
        },
        "전라북도": {
            "Conservative": 0.033497834726474454,
            "Democratic": 0.6484138674091572
        },
        "전라남도": {
            "Conservative": 0.024521831984758345,
            "Democratic": 0.5987616154337997
        },
        "경상북도": {
            "Conservative": 0.48625932121893267,
            "Democratic": 0.21732914968381625
        },
        "경상남도": {
            "Conservative": 0.37240953360415974,
            "Democratic": 0.3673403720557287
        },
        "제주특별자치도": {
            "Conservative": 0.1827626392275222,
            "Democratic": 0.4551222839221078
        }
    },
    "20th": {
        "서울특별시": {
            "Conservative": 0.5056183753759625,
            "Democratic": 0.4573563328886051
        },
        "부산광역시": {
            "Conservative": 0.5825542685046817,
            "Democratic": 0.38157251380391877
        },
        "대구광역시": {
            "Conservative": 0.7514300422217852,
            "Democratic": 0.2160844836504873
        },
        "인천광역시": {
            "Conservative": 0.4705595017605275,
            "Democratic": 0.4891770671871301
        },
        "광주광역시": {
            "Conservative": 0.12723367337658556,
            "Democratic": 0.8482088205509702
        },
        "대전광역시": {
            "Conservative": 0.4955782832354942,
            "Democratic": 0.4644911741871271
        },
        "울산광역시": {
            "Conservative": 0.5441054929364764,
            "Democratic": 0.4079325635991708
        },
        "세종특별자치시": {
            "Conservative": 0.44147443788578067,
            "Democratic": 0.5191547298502334
        },
        "경기도": {
            "Conservative": 0.45623857488158376,
            "Democratic": 0.5094879107750027
        },
        "강원도": {
            "Conservative": 0.5418157957528036,
            "Democratic": 0.41720750815239005
        },
        "충청북도": {
            "Conservative": 0.5067476136126287,
            "Democratic": 0.451246227265843
        },
        "충청남도": {
            "Conservative": 0.5108424350646629,
            "Democratic": 0.4496495347580582
        },
        "전라북도": {
            "Conservative": 0.14428452635384306,
            "Democratic": 0.8298084165497679
        },
        "전라남도": {
            "Conservative": 0.11445986838794102,
            "Democratic": 0.8610083547234385
        },
        "경상북도": {
            "Conservative": 0.7276127384940285,
            "Democratic": 0.23802238839935916
        },
        "경상남도": {
            "Conservative": 0.5824602795027547,
            "Democratic": 0.37382363684977576
        },
        "제주특별자치도": {
            "Conservative": 0.4269441661443399,
            "Democratic": 0.5259378439336884
        }
    },
    "21st": {
        "강원특별자치도": {
            "Conservative": 0.5183368524676656,
            "Democratic": 0.4816631475323344
        },
        "경기도": {
            "Conservative": 0.42093654303122546,
            "Democratic": 0.5790634569687745
        },
        "경상남도": {
            "Conservative": 0.5688685223954938,
            "Democratic": 0.4311314776045062
        },
        "경상북도": {
            "Conservative": 0.7237163112245885,
            "Democratic": 0.2762836887754115
        },
        "광주광역시": {
            "Conservative": 0.08645398807508822,
            "Democratic": 0.9135460119249118
        },
        "대구광역시": {
            "Conservative": 0.7443567044246189,
            "Democratic": 0.2556432955753812
        },
        "대전광역시": {
            "Conservative": 0.4555650734485513,
            "Democratic": 0.5444349265514488
        },
        "부산광역시": {
            "Conservative": 0.5614820047113548,
            "Democratic": 0.43851799528864516
        },
        "서울특별시": {
            "Conservative": 0.46859492281134535,
            "Democratic": 0.5314050771886546
        },
        "세종특별자치시": {
            "Conservative": 0.3738673553443017,
            "Democratic": 0.6261326446556983
        },
        "울산광역시": {
            "Conservative": 0.5279222720478326,
            "Democratic": 0.4720777279521674
        },
        "인천광역시": {
            "Conservative": 0.42660440895715956,
            "Democratic": 0.5733955910428404
        },
        "전라남도": {
            "Conservative": 0.09048516847774965,
            "Democratic": 0.9095148315222503
        },